Rut,Edad,Nombre,Ciudad,ECG
12.345.678-5,32,Carlos Fernández,Concepción,"[ 1.13112995  1.10942835  1.05212525 ... -0.12590594 -0.21422744
 -0.28403958]"
14.567.890-3,48,María González,Chillán,"[ 1.09973786  1.08352403  1.04126883 ... -0.3649488  -0.37664805
 -0.37806312]"
16.789.012-9,24,Javier Martínez,Los Ángeles,"[ 1.13164752  1.10511314  1.03459036 ...  0.18553253  0.04212359
 -0.08315357]"
18.901.234-7,39,Ana Rodríguez,Talcahuano,"[ 1.03651113  1.02582376  0.99943373 ... -0.2777307  -0.25867601
 -0.24024888]"
19.012.345-4,54,Luis Pérez,Hualpén,"[ 1.11414878  1.09437324  1.04231087 ... -0.23185789 -0.2942576
 -0.3396067 ]"
13.456.789-2,28,Sofía López,Penco,"[ 1.1193604   1.09641595  1.03568226 ... -0.03510539 -0.13871144
 -0.22298246]"
15.678.901-0,21,Diego Torres,Linares,"[ 1.10550598  1.08740801  1.03995136 ... -0.32101893 -0.36067158
 -0.38589009]"
17.890.123-6,42,Camila Morales,San Pedro de la Paz,"[ 1.08332134  1.06895943  1.03193326 ... -0.39262933 -0.38593874
 -0.37344226]"
11.234.567-8,25,Juan Castro,Coronel,"[ 1.13251095  1.10756571  1.04139404 ...  0.0825299  -0.04530934
 -0.15440682]"
10.345.678-1,50,Isabel Ramírez,Tomé,"[ 1.0779932   1.06564158  1.0343358  ... -0.32139537 -0.30511224
 -0.28629082]"
